{"ring_pip_0": [0.0326087, -634.2391], "pinky_pip_0": [0.01832994, -328.6558], "thumb_mcp": [0.08108109, -1620.811], "ring_mcp": [0.01581722, -340.3866], "index_mcp": [0.03797468, -783.7974], "middle_pip_0": [0.02425876, -492.2103], "index_pip_0": [0.02970297, -606.5347], "ring_pip_90": [0.02549575, -516.5439], "index_pip_90": [0.02513967, -527.4302], "middle_pip_90": [0.02097902, -438.4615], "pinky_mcp": [0.05202312, -1126.821], "thumb_pip_0": [0.03688525, -759.0984], "pinky_pip_90": [0.01906779, -369.1525], "middle_mcp": [0.02521008, -548.8235], "thumb_pip_90": [0.04017857, -850.9821]}