{"thumb_mcp": [], "thumb_pip": [], "index_mcp": [0.009052322423608455, -98.69566092011827], "index_pip": [0.017823546885830283, -355.48707792850786], "middle_mcp": [], "middle_pip": [], "ring_mcp": [], "ring_pip": [], "pinky_mcp": [], "pinky_pip": []}